,titleabstract,decision,prediction
668,"Stage I-II non-small-cell lung cancer treated using either stereotactic ablative radiotherapy (SABR) or lobectomy by video-assisted thoracoscopic surgery (VATS): outcomes of a propensity score-matched analysis BACKGROUND: Video-assisted thoracoscopic surgery (VATS) lobectomy and stereotactic ablative radiotherapy (SABR) are both used for early-stage non-small-cell lung cancer. We carried out a propensity score-matched analysis to compare locoregional control (LRC).
PATIENTS AND METHODS: VATS lobectomy data from six hospitals were retrospectively accessed; SABR data were obtained from a single institution database. Patients were matched using propensity scores based on cTNM stage, age, gender, Charlson comorbidity score, lung function and performance score. Eighty-six VATS and 527 SABR patients were matched blinded to outcome (1:1 ratio, caliper distance 0.025). Locoregional failure was defined as recurrence in/adjacent to the planning target volume/surgical margins, ipsilateral hilum or mediastinum. Recurrences were either biopsy-confirmed or had to be PET-positive and reviewed by a tumor board.
RESULTS: The matched cohort consisted of 64 SABR and 64 VATS patients with the median follow-up of 30 and 16 months, respectively. Post-SABR LRC rates were superior at 1 and 3 years (96.8% and 93.3% versus 86.9% and 82.6%, respectively, P = 0.04). Distant recurrences and overall survival (OS) were not significantly different.
CONCLUSION: This retrospective analysis found a superior LRC after SABR compared with VATS lobectomy, but OS did not differ. Our findings support the need to compare both treatments in a randomized, controlled trial.",Included,0.08673046
577,"Texture analysis for the assessment of structural changes in parotid glands induced by radiotherapy BACKGROUND AND PURPOSE: During radiotherapy (RT) for head-and-neck cancer, parotid glands undergo significant anatomic, functional and structural changes which could characterize pre-clinical signs of an increased risk of xerostomia. Texture analysis is proposed to assess structural changes of parotids induced by RT, and to investigate whether early variations of textural parameters (such as mean intensity and fractal dimension) can predict parotid shrinkage at the end of treatment., MATERIAL AND METHODS: Textural parameters and volumes of 42 parotids from 21 patients treated with intensity-modulated RT for nasopharyngeal cancer were extracted from CT images. To individuate which parameters changed during RT, a Wilcoxon signed-rank test between textural indices (first and second RT week; first and last RT week) was performed. Discriminant analysis was applied to variations of these parameters in the first two weeks of RT to assess their power in predicting parotid shrinkage at the end of RT., RESULTS: A significant decrease in mean intensity (1.7 HU and 3.8 HU after the second and last weeks, respectively) and fractal dimension (0.016 and 0.021) was found. Discriminant analysis, based on volume and fractal dimension, was able to predict the final parotid shrinkage (accuracy of 71.4%)., CONCLUSION: Textural features could be used in combination with volume to characterize structural modifications on parotid glands and to predict parotid shrinkage at the end of RT. Copyright © 2013 Elsevier Ireland Ltd. All rights reserved.",Included,0.08678027
254,"Long-term outcomes of fractionated stereotactic radiation therapy for pituitary adenomas at the BC cancer agency Purpose To assess the long-term disease control and toxicity outcomes of fractionated stereotactic radiation therapy (FSRT) in patients with pituitary adenomas treated at the BC Cancer Agency. Methods and Materials To ensure a minimum of 5 years of clinical follow-up, this study identified a cohort of 76 patients treated consecutively with FSRT between 1998 and 2007 for pituitary adenomas: 71% (54/76) had nonfunctioning and 29% (22/76) had functioning adenomas (15 adrenocorticotrophic hormone-secreting, 5 growth hormone-secreting, and 2 prolactin-secreting). Surgery was used before FSRT in 96% (73/76) of patients. A median isocenter dose of 50.4 Gy was delivered in 28 fractions, with 100% of the planning target volume covered by the 90% isodose. Patients were followed up clinically by endocrinologists, ophthalmologists, and radiation oncologists. Serial magnetic resonance imaging was used to assess tumor response. Results With a median follow-up time of 6.8 years (range, 0.6 - 13.1 years), the 7-year progression-free survival was 97.1% and disease-specific survival was 100%. Of the 2 patients with tumor progression, both had disease control after salvage surgery. Of the 22 patients with functioning adenomas, 50% (11/22) had complete and 9% (2/22) had partial responses after FSRT. Of the patients with normal pituitary function at baseline, 48% (14/29) experienced 1 or more hormone deficiencies after FSRT. Although 79% (60/76) of optic chiasms were at least partially within the planning target volumes, no patient experienced radiation-induced optic neuropathy. No patient experienced radionecrosis. No secondary malignancy occurred during follow-up. Conclusion In this study of long-term follow-up of patients treated for pituitary adenomas, FSRT was safe and effective. © 2013 Elsevier Inc.",Included,0.086956896
752,"Randomized trial of 90Sr/90Y beta-radiation versus placebo control for treatment of in-stent restenosis BACKGROUND: After conventional treatment of in-stent restenosis, the incidence of recurrent clinical restenosis may approach 40%. We report the first multicenter, blinded, and randomized trial of intracoronary radiation with the use of a 90Sr/90Y beta-source for the treatment of in-stent restenosis., METHODS AND RESULTS: After successful catheter-based treatment of in-stent restenosis, 476 patients were randomly assigned to receive an intracoronary catheter containing either 90Sr/90Y (n=244) or placebo (n=232) sources. The prescribed dose 2 mm from the center of the source was 18.4 Gy for vessels between 2.70 and 3.35 mm in diameter and 23.0 Gy for vessels between 3.36 and 4.0 mm. The primary end point, ie, clinically driven target-vessel revascularization by 8 months, was observed in 56 (26.8%) of the patients assigned to placebo and 39 (17.0%) of the patients assigned to radiation (P=0.015). The incidence of the composite including death, myocardial infarction, and target-vessel revascularization was observed in 60 (28.7%) of the patients assigned to placebo and 44 (19.1%) of the patients assigned to radiation (P=0.024). Binary 8-month angiographic restenosis (> or =50% diameter stenosis) within the entire segment treated with radiation was reduced from 45.2% in the placebo-treated patients to 28.8% in the 90Sr/90Y-treated patients (P=0.001). Stent thromboses occurred in 1 patient assigned to placebo <24 hours after the procedure and in 1 patient assigned to 90Sr/90Y at day 244., CONCLUSIONS: The results of this study demonstrated that beta-radiation using 90Sr/90Y is both safe and effective for preventing recurrence in patients with in-stent restenosis.",Included,0.08725412
765,"Sonographic characterisation of radiation-induced carotid artery stenosis BACKGROUND AND PURPOSE: To study the distribution, extent and sonographic characterisation of radiation-induced carotid artery stenosis in nasopharyngeal carcinoma (NPC) patients., METHODS: The distribution of plaques, the extent of stenosis, and the sonographic characterisation of the plaque at maximum stenosis were recorded in 71 NPC patients. The results were compared with the ultrasound results of a control group of 142 patients presenting with symptoms of cerebrovascular disease or carotid bruit., RESULTS: NPC patients had a higher incidence of carotid stenosis (77 vs. 50.7%). The common carotid arteries were most commonly affected by radiation-induced stenosis (93/142 vs. 37/284 in the control group), whereas the carotid bulb was the most commonly affected (56/284) site in the control group. Significantly more NPC patients had moderate-to-severe stenosis (21/71 vs. 27/142). Analysis of the sonographic appearance of radiation-induced and atherosclerotic plaques showed more diffuse involvement in the post-radiation group. Non-calcified plaques and intraplaque hypoechoic foci were also more frequent in the post-radiation group., CONCLUSIONS: Radiation-induced carotid stenosis is more diffuse in distribution, is associated with more severe luminal stenosis and has different sonographic plaque characterisation compared with carotid stenosis without radiation exposure. Copyright 2002 S. Karger AG, Basel",Included,0.08732738
231,"Randomized trial addressing risk features and time factors of surgery plus radiotherapy in advanced head-and-neck cancer Purpose: A multi-institutional, prospective, randomized trial was undertaken in patients with advanced head-and-neck squamous cell carcinoma to address (1) the validity of using pathologic risk features, established from a previous study, to determine the need for, and dose of, postoperative radiotherapy (PORT); (2) the impact of accelerating PORT using a concomitant boost schedule; and (3) the importance of the overall combined treatment duration on the treatment outcome. Methods and Materials: Of 288 consecutive patients with advanced disease registered preoperatively, 213 fulfilled the trial criteria and went on to receive therapy predicated on a set of pathologic risk features: no PORT for the low-risk group (n=31); 57.6 Gy during 6.5 weeks for the intermediate-risk group (n=31); and, by random assignment, 63 Gy during 5 weeks (n=76) or 7 weeks (n=75) for the high-risk group. Patients were irradiated with standard techniques appropriate to the site of disease and likely areas of spread. The study end points were locoregional control (LRC), survival, and morbidity. Result(s): Patients with low or intermediate risks had significantly higher LRC and survival rates than those with high-risk features (p=0.003 and p=0.0001, respectively), despite receiving no PORT or lower dose PORT, respectively. For high-risk patients, a trend toward higher LRC and survival rates was noted when PORT was delivered in 5 rather than 7 weeks. A prolonged interval between surgery and PORT in the 7-week schedule was associated with significantly lower LRC (p=0.03) and survival (p=0.01) rates. Consequently, the cumulative duration of combined therapy had a significant impact on the LRC (p=0.005) and survival (p=0.03) rates. A 2-week reduction in the PORT duration by using the concomitant boost technique did not increase the late treatment toxicity. Conclusion(s): This Phase III trial established the power of risk assessment using pathologic features in determining the need for, and dose of, PORT in patients with advanced head-and-neck squamous cell cancer in a prospective, multi-institutional setting. It also revealed the impact of the overall treatment time in the combination of surgery and PORT on the outcome in high-risk patients and showed that PORT acceleration without a reduction in dose by a concomitant boost regimen did not increase the late complication rate. These findings emphasize the importance of coordinated interdisciplinary care in the delivery of combined surgery and RT. © 2001 Elsevier Science Inc.",Included,0.087353215
198,"Long-term outcomes after radiosurgery for acoustic neuromas BACKGROUND: Stereotactic radiosurgery is the principal alternative to microsurgical resection for acoustic neuromas (vestibular schwannomas). The goals of radiosurgery are the long-term prevention of tumor growth, maintenance of neurologic function, and prevention of new neurologic deficits. Although acceptable short-term outcomes have been reported, long-term outcomes have not been well documented., METHODS: We evaluated 162 consecutive patients who underwent radiosurgery for acoustic neuromas between 1987 and 1992 by means of serial imaging tests, clinical evaluations, and a survey between 5 and 10 years after the procedure. The average dose of radiation to the tumor margin was 16 Gy, and the mean transverse diameter of the tumor was 22 mm (range, 8 to 39). Resection had been performed previously in 42 patients (26 percent); in 13 patients the tumor represented a recurrence of disease after a previous total resection. Facial function was normal in 76 percent of the patients before radiosurgery, and 20 percent had useful hearing., RESULTS: The rate of tumor control (with no resection required) was 98 percent. One hundred tumors (62 percent) became smaller, 53 (33 percent) remained unchanged in size, and 9 (6 percent) became slightly larger. Resection was performed in four patients (2 percent) within four years after radiosurgery. Normal facial function was preserved in 79 percent of the patients after five years (House-Brackmann grade 1), and normal trigeminal function was preserved in 73 percent. Fifty-one percent of the patients had no change in hearing ability. No new neurologic deficits appeared more than 28 months after radiosurgery. An outcomes questionnaire was returned by 115 patients (77 percent of the 149 patients still living). Fifty-four of these patients (47 percent) were employed at the time of radiosurgery, and 37 (69 percent) remained so. Radiosurgery was believed to have been successful by all 30 patients who had undergone surgery previously and by 81 (95 percent) of the 85 who had not. Thirty-six of the 115 patients (31 percent) described at least one complication, which resolved in 56 percent of those cases., CONCLUSIONS: Radiosurgery can provide long-term control of acoustic neuromas while preserving neurologic function.",Included,0.087432854
868,"Toxicity Related to Radiotherapy Dose and Targeting Strategy: A Pooled Analysis of Cooperative Group Trials of Combined Modality Therapy for Locally Advanced Non-Small Cell Lung Cancer OBJECTIVE: Concurrent chemoradiotherapy (CRT) was the standard treatment for locally advanced NSCLC (LA-NSCLC). This study was performed to examine thoracic radiotherapy (TRT) parameters and their impact on adverse events (AEs)., METHODS: We collected individual patient data from 3600 patients with LA-NSCLC who participated in 16 cooperative group trials of concurrent CRT. The TRT parameters examined included field design strategy (elective nodal irradiation [ENI] versus involved-field [IF] TRT [IF-TRT]) and TRT dose (60 Gy versus >=60 Gy). The primary end point of this analysis was the occurrence of AEs. ORs for AEs were calculated with univariable and multivariable logistic models., RESULTS: TRT doses ranged from 60 to 74 Gy. ENI was not associated with more grade 3 or higher AEs than IF-TRT was (multivariable OR = 0.77, 95% confidence interval [CI]: 0.543-1.102, p = 0.1545). Doses higher than 60 Gy (high-dose TRT) were associated with significantly more grade 3 or higher AEs (multivariable OR = 1.82, 95% CI: 1.501-2.203, p < 0.0001). In contrast, ENI was associated with significantly more grade 4 or higher AEs (multivariable OR = 1.33, 95% CI: 1.035-1.709, p = 0.0258). Doses higher than 60 Gy were also associated with more grade 4 or higher AEs (multivariate OR = 1.42, 95% CI: 1.191-1.700, p = 0.0001). Grade 5 AEs plus treatment-related deaths were more frequent with higher-dose TRT (p = 0.0012) but not ENI (p = 0.099)., CONCLUSIONS: For patients with LA-NSCLC treated with concurrent CRT, IF-TRT was not associated with the overall risk of grade 3 or higher AEs but was associated with significantly fewer grade 4 or higher AEs than ENI TRT. This is likely the result of irradiation of a lesser amount of adjacent critical normal tissue. Higher TRT doses were associated significantly with grade 3 or higher and grade 4 or higher AEs. On the basis of these findings and our prior report on survival, CRT using IF-TRT and 60 Gy (conventionally fractionated) were associated with more favorable patient survival and less toxicity than was the use of ENI or higher radiotherapy doses. Copyright © 2018 International Association for the Study of Lung Cancer. Published by Elsevier Inc. All rights reserved.",Included,0.087478384
163,"Evaluation of radiation-induced changes to parotid glands following conventional radiotherapy in patients with nasopharygneal carcinoma Objectives: Xerostomia is a common post-radiotherapy (post-RT) complication in nasopharyngeal carcinoma (NPC) patients. This study evaluated the relation of post-RT parotid gland changes with the dose received. Method(s): Data from 18 NPC patients treated by radiotherapy between 1997 and 2001 were collected. Parotid gland volumes were measured and compared between their pre-RT and post-RT CT images; both sets of CT were conducted with the same scanning protocol. Doppler ultrasound was used to assess the haemodynamic condition of the glands after radiotherapy. Doppler ultrasound results were compared against 18 agematched normal participants. A questionnaire was used to evaluate the patients'comments of xerostomia condition. Radiotherapy treatment plans of the participants were retrieved from the Eclipse treatment planning system from which the radiation doses delivered to the parotid glands were estimated. The correlations of parotid gland doses and the post-RT changes were evaluated. Result(s): The post-RT parotid glands were significantly smaller (p<0.001) than the pre-RT ones. They also demonstrated lower vascular velocity, resistive and pulsatility indices (p<0.05) than normal participants. The degree of volume shrinkage and subjective severity of xerostomia demonstrated dose dependence, but such dependence was not definite in the haemodynamic changes. Conclusion(s): It was possible to predict the gland volume change and subjective severity of xerostomia based on the dose to the parotid glands for NPC patients. However, such prediction was not effective for the vascular changes. The damage to the gland was long lasting and had significant effects on the patients' quality of life. © 2011 The British Institute of Radiology.",Included,0.08750374
361,"Late side effects of radioactive iodine on salivary gland function in patients with thyroid cancer BACKGROUND: The purpose of this study was to assess the late side effects of radioiodine therapy (RIT) on salivary gland function. One hundred eighty two patients were evaluated., METHODS: Assessment of salivary gland function was performed with salivary gland scintigraphy (SGS), sialometry, and subjective open questions to determine common side effects of RIT on salivary gland function., RESULTS: RIT had a strong association with decreased elimination counts by SGS. Patient age was the only variable associated with sialometry; age and the use of xerostomic drugs were strongly associated with decreased mean values of salivary flow. Dysphagia was strongly associated with RIT. Using multiple logistic regression analysis, age was determined to be an important factor associated with salivary gland dysfunction, and RIT was associated with impairment of saliva excretion., CONCLUSION: These results show that patients subjected to RIT have more difficulty in draining saliva, mainly from the parotid glands, which is associated with clinical dysphagia in this subset of patients. Copyright © 2010 Wiley Periodicals, Inc.",Included,0.08786274
540,"Comparison of three fractionation schedules in radiotherapy for early glottic squamous cell carcinoma Background/Aim: Radiotherapy is widely accepted as the treatment of choice for early glottic squamous cell carcinoma (EGSCC), although it varies greatly with respect to dose, dose per fraction, and treatment techniques. The study aim was to evaluate the use of accelerated fractionation strategy (AFS) for EGSCC in standard clinical practice. Patients and Methods: Patients treated with definitive radiotherapy for EGSCC between 2008 and 2019 were retrospectively identified and received either conventional fractionation, hypofractionation, or hyperfractionation. Result(s): One hundred six patients were analyzed, and 19, 71, and 16 patients underwent conventional fractionation, hypofractionation, and hyperfractionation, respectively. The median follow-up was 56 months. The 5-year local control and overall survival rates were 79% and 83%; 78% and 79%; and 87% and 77%, respectively, and no significant difference was observed between the fractionation schedules. Conclusion(s): Our findings confirmed the utility of AFS in standard clinical practice and support its use for patients with EGSCC.Copyright © 2020 International Institute of Anticancer Research. All rights reserved.",Included,0.088028446
172,"Postoperative irradiation for pterygium: retrospective analysis of 1,253 patients from the Osaka University Hospital BACKGROUND AND PURPOSE: Irradiation of ocular pterygium is considered a valuable treatment supplementation after surgical therapy. Since prospective randomized trials are scare and only limited patient data are available, the aim of this study was to evaluate the patient population treated with fractioned 90Sr irradiation after surgical pterygium resection., PATIENTS AND METHODS: Between September 1993 and March 2001, 1,147 patients with pterygium lesions (1,320 lesions) were treated surgically and with 90Sr postoperative beta-irradiation. A total dose of 30 Gy was used for patients treated within 48 h after surgery, while those treated>48 h postoperatively received a total dose of 35 Gy. A minimum follow-up period of 3 months was required for inclusion in the analysis, and 1,253 lesions were ultimately analyzed., RESULTS: Recurrence of the pterygium after postoperative 90Sr irradiation was observed in 97 of 1,253 cases (7.7%). Statistical analysis (uni- and multivariate) revealed, that male gender, younger age (<40 years), prior treatment (surgery and radiotherapy) and immediate irradiation (<2 h after surgery) were negative predictors for local recurrence. Temporary radiotherapy-induced side effects were observed in 15.2% of patients, including moderate conjunctivitis, local pain, visual disturbance and photophobia or an increase in tear flow. However, no long-term serious side effects were documented., CONCLUSION: 90Sr irradiation of pterygium after surgery represents a safe and effective treatment option to prevent disease recurrence. The data obtained in this study indicate that a certain interval after surgery might improve therapy outcome.",Included,0.088294744
801,"Impaired permeability in radiation-induced lung injury detected by technetium-99m-DTPA lung clearance UNLABELLED: This study evaluates the use of the 99mTc-DTPA aerosol lung clearance method to investigate radiation-induced lung changes in eight patients undergoing radiotherapy for lung or breast carcinoma. The sensitivity of the method was compared with chest radiography for detecting radiation-induced changes in the lung, regional alterations within (irradiated region) and outside (shielded region) the treatment ports, effect of irradiated lung volume, and dependence on time after radiotherapy., METHODS: Serial DTPA lung clearance studies were performed before the first radiation treatment (baseline), then weekly during a 5- to 7-wk course, and up to 12 times post-therapy over periods of 56-574 days. The total activity deposited in the lungs for each study was approximately 150 microCi (approximately 5.6 MBq). DTPA clearance, expressed in terms of the biological half-time, t 1/2, was computed from the slopes of the least-squares fit regression lines of the time-activity curves for the first 10 min for irradiated and shielded lung regions., RESULTS: Major findings include: (a) significant and early DTPA t 1/2 changes were observed in all patients during and after radiotherapy; (b) changes in DTPA t 1/2 values were observed in both irradiated and shielded lung regions in all patients suggesting a radiation-induced systemic reaction; (c) changes in DTPA t 1/2 values were correlated (p < 0.05) with the irradiated lung volumes; (d) significantly reduced DTPA t 1/2 values were observed in three patients who subsequently presented with clinical symptoms and/or radiographic changes consistent with radiation pneumonitis (t1/2 felt to 19% +/- 6% of baseline values, compared with 64% +/- 17% in the remaining patients [p < 0.01]); (e) the onset of decreased DTPA t 1/2 values in these three patients occurred 35-84 days before clinical symptoms and/or radiographic changes; and (f) DTPA t 1/2 tended to approach baseline values with time after radiotherapy, suggesting a long-term recovery in lung injury., CONCLUSION: These observations show significant and early alterations in DTPA lung clearance during and after radiotherapy that may provide a sensitive assay to monitor changes in radiation-induced lung injury and may facilitate early therapeutic intervention.",Included,0.08858337
160,"Anaplastic thyroid cancer in British Columbia 1985-1999: A population-based study Aims: To review the outcome of patients diagnosed with anaplastic thyroid carcinoma in British Columbia between January 1985 and December 1999. Material(s) and Method(s): Seventy-five patients were identified. Survival curves were calculated using Kaplan-Meier estimates, and the charts of the 62 patients referred to a British Columbia Cancer Agency (BCCA) facility were reviewed. Result(s): All cases: 51 out of 75 patients (68%) were women; median age of all patients was 74 years. The overall- and cancer-specific 5-year survival rates for the whole group were 5%. Non-referred cases: nine out of 13 patients were women; median age at diagnosis 84 years. Eleven of the 13 patients died within 1 month of diagnosis. Referred cases: 42 out of 62 patients were women; median age 72 years; median survival 5.1 months; 1-year survival 19%. Forty-eight patients presented with tumours that extended through the thyroid capsule, 10 presented with distant metastases. Four patients had a total thyroidectomy, nine a partial thyroidectomy, and 49 a biopsy only. Fifty-seven patients received radiotherapy, nine of these had concurrent chemotherapy: Thirty-three patients received less than 40 Gy and 24 patients received 40 Gy or more. Median survival was longer (9 vs 3 months) in patients receiving 40 Gy or more; this group included four patients who had prolonged survival. Conclusion(s): Long-term, disease-free survival was achieved in a few patients who were able to receive high-dose radiotherapy, preferably after adequate surgery. © 2005 The Royal College of Radiologists. Published by Elsevier Ltd. All rights reserved.",Included,0.08860326
223,"Personalized space radiation dosimetry using monte carlo simulations of CT-based geometries exposed to solar particle event radiation Purpose/Objective(s): A serious concern for space exploration to the Moon or Mars is astronaut exposure to ionizing radiation in a solar particle event (SPE). SPE are unpredictable, variable in intensity and energy spectrum, and are primarily protons with kinetic energies below 100 MeV. The dose from an SPE is highly inhomogeneous and sensitive to physical parameters such as energy spectrum, shielding, and anisotropy. The biological effects of low dose-rate proton radiation are not fully understood. Interpretation of data from ground-based experiments in animal models is complicated by inhomogeneous distribution of dose to sensitive organs. Planning and preparation for space exploration vitally relies on accurate prediction of the health risk associated with exposure to SPE. Materials/Methods: We have developed a Monte Carlo radiation transport tool that incorporates CT scans into dose calculations of radiobiological experiments in animal models and simulated exposure of humans to SPE radiation. This allows accurate predictions of SPE dose and is used to develop dose-toxicity data for pre-clinical animal experiments and for predicting astronaut organ doses from exposure to SPE radiation. Result(s): We validated this tool using phantom measurements and determine organ doses for Yucatan mini-pigs exposed to simulated SPE radiation designed to match 3 historical events with relatively low (October, 1989), intermediate (September, 1989) and high (August, 1972) levels of >100 MeV protons to model toxicity vs dose in critical internal organs. These studies show a paradoxical increase in clinical/systemic toxicity for SPE with lower internal dose that appears to correlate with suppression of leukocyte counts. For astronaut SPE exposures, we applied this tool to 4 different human model (2 male, 2 female) astronauts exposed to the 3 SPE in geometries designed to simulate exposure within a space suit or capsule. The results indicate that not only does an astronaut's dose to specific organs (e.g., skin, eyes, and lungs) differ substantially for different SPE, different astronauts receive significantly different organ doses even with the same SPE exposure. Conclusion(s): These studies clearly show the value of our dosimetry system for two critically interrelated uses: determining the dose to organ systems for SPE exposed astronauts and helping ensure that earth based experiments reproduce appropriate dose distributions in order to maximize the applicability of these findings. Our results suggest that a personalized approach for astronaut dosimetry may be valuable in determining the course of clinical action in the event of an SPE exposure.",Included,0.114422694
495,"Residential radon and risk of lung cancer in an Italian alpine area To evaluate whether residential radon exposure explains the excess mortality for lung cancer in an Italian alpine valley with high natural radioactivity, the authors conducted a population-based case-control study on 138 deceased cases and 291 sex- and year-of-birth-matched controls. Year-long alpha-track measurements of radon were performed in the most recent residence, and information about occupational history and lifetime smoking habits was obtained. The authors adjusted for smoking, and radon was associated with lung cancer risk among men: compared with a radon level of < 40 becquerels (Bq) per cubic meter (m3), the odds ratios for 40-76 Bq/m3, 77-139 Bq/m3, 140-199 Bq/m3, and 200+ Bq/m3 were 2.1, 2.0, 2.7, and 1.4, respectively. The association between radon and lung cancer, as determined with a multiplicative model, was found only among male smokers.",Included,0.13235328
633,"Case-control study of lung cancer risk from residential radon exposure in Worcester county, Massachusetts A study of lung cancer risk from residential radon exposure and its radioactive progeny was performed with 200 cases (58% male, 42% female) and 397 controls matched on age and sex, all from the same health maintenance organization. Emphasis was placed on accurate and extensive year-long dosimetry with etch-track detectors in conjunction with careful questioning about historic patterns of in-home mobility. Conditional logistic regression was used to model the outcome of cancer on radon exposure, while controlling for years of residency, smoking, education, income, and years of job exposure to known or potential carcinogens. Smoking was accounted for by nine categories: never smokers, four categories of current smokers, and four categories of former smokers. Radon exposure was divided into six categories (model 1) with break points at 25, 50, 75, 150, and 250 Bq m, the lowest being the reference. Surprisingly, the adjusted odds ratios (AORs) were, in order, 1.00, 0.53, 0.31, 0.47, 0.22, and 2.50 with the third category significantly below 1.0 (p < 0.05), and the second, fourth, and fifth categories approaching statistical significance (p < 0.1). An alternate analysis (model 2) using natural cubic splines allowed calculating AORs as a continuous function of radon exposure. That analysis produces AORs that are substantially less than 1.0 with borderline statistical significance (0.048 < or = p < or = 0.05) between approximately 85 and 123 Bq m. College-educated subjects in comparison to high-school dropouts have a significant reduction in cancer risk after controlling for smoking, years of residency, and job exposures with AOR = 0.30 (95% CI: 0.13, 0.69), p = 0.005 (model 1).",Included,0.1404865
271,"Increased lung cancer risk due to residential radon in a pooled and extended analysis of studies in Germany Residential radon has been shown to be a risk factor for lung cancer in several studies-but with limited power in each single study. The data of two case-control studies performed during 1990-1997 in Germany and used for previous publications have been extended and pooled. Both studies have identical study designs. In total, data of 2,963 incident lung cancer cases and 4,232 population controls are analyzed here. One-year radon measurements were performed in houses occupied during the 5-35 y prior to the interview. Conditional logistic and linear relative risk regression was used for the analysis. Measurements covered on average 70% of the exposure time window, with an average radon exposure of 61 Bq m(-3). The smoking and asbestos-adjusted ORs were 0.97 [95% confidence interval (CI) 0.85 to 1.11] for 50-80 Bq m(-3), 1.06 (95% CI 0.87 to 1.30) for 80-140 Bq m(-3) and 1.40 (95% CI 1.03 to 1.89) for radon concentrations above 140 Bq m(-3), compared to the reference category <50 Bq m(-3). The linear increase in the odds ratio per 100 Bq m(-3) was 0.10 (95% CI -0.02 to 0.30) for all subjects and 0.14 (95% CI -0.03 to 0.55) for less mobile subjects who lived in only one home in the last 5-35 y. The risk coefficients generally were higher when measurement error in the radon concentrations was reduced by restricting the population. With respect to histopathology, the risk for small cell carcinoma was higher than for other subtypes. This analysis strengthens the evidence that residential radon is a relevant risk factor for lung cancer.",Included,0.14360216
759,"Changes in symptom clusters in patients undergoing radiation therapy GOALS OF WORK: The goals of the study were to determine the occurrence rates for and the severity of symptoms at the middle, end, and 1 month after the completion of radiation therapy (RT), to determine the number and types of symptom clusters at these three time points, and to evaluate for changes over time in these symptom clusters., MATERIALS AND METHODS: Symptom occurrence and severity were evaluated using the Memorial Symptom Assessment Scale (MSAS) in a sample of patients (n = 160) who underwent RT for breast or prostate cancer. At each time point, an exploratory factor analysis was done to determine the number of symptom clusters (i.e., symptom factors) based on the MSAS symptom severity ratings., MAIN RESULTS: The majority of the patients were male and married with a mean age of 61.1 years. The five symptoms with the highest occurrence rates across all three time points were lack of energy, pain, difficulty sleeping, feeling drowsy, and sweats. Although the number of symptoms and the specific symptoms within each symptom cluster were not identical across the three time points, three relatively similar symptom clusters (i.e., mood-cognitive"" symptom cluster, ""sickness-behavior"" symptom cluster, ""treatment-related"", or ""pain"" symptom cluster) were identified in this sample. The internal consistency coefficients for the mood-cognitive symptom cluster and sickness-behavior symptom cluster were adequate at > or =0.68., CONCLUSIONS: Three relatively stable symptom clusters were found across RT. The majority of the symptom cluster severity scores were significantly higher in patients with breast cancer compared to patients with prostate cancer.""",Included,0.16303232
571,"Intravascular ultrasound analysis of beta radiation therapy for diffuse in-stent restenosis to inhibit intimal hyperplasia We evaluated the efficacy of beta-radiation therapy ((188)Re-MAG(3)) to inhibit intimal hyperplasia (IH) in diffuse in-stent restenosis by intravascular ultrasound (IVUS) analysis in 50 patients. Nine patients who did not agree with radiation therapy, and therefore underwent rotational atherectomy and balloon angioplasty for diffuse in-stent restenosis in the same study period, were selected for control groups. Serial IVUS comparisons were available in 44 of 50 patients with radiation therapy and 7 of 9 control patients. At 6-month follow-up, there was less significant increase of IH area in patients with radiation therapy than in control patients (Delta IH area = 0.1 +/- 0.8 mm(2) vs. 2.6 +/- 1.8 mm(2), P > 0.001 in mean values, and 0.6 +/- 1.4 mm(2) vs. 2.9 +/- 2.1 mm(2), P = 0.026 in values of follow-up lesion site, respectively). In conclusion, beta-radiation therapy might be an effective treatment modality to inhibit intimal hyperplasia in patients with diffuse in-stent restenosis. Copyright 2001 Wiley-Liss, Inc.",Included,0.18625093
638,"Dose-response study of intracoronary beta-radiation with 32P in balloon- and stent-injured coronary arteries in swine Purpose: A dose-response study was performed in swine to investigate the vascular effects of 32P over a broad range of doses in order to define the therapeutic window of intracoronary radiotherapy (ICR) with 32P. Methods and Materials: A total of 131 porcine arteries were subjected to balloon injury or stenting followed by 0-36 Gy of ICR from a centered 32P source wire to 1 mm beyond lumen surface or a sham ICR procedure. Animals were euthanized at 4 weeks, and vessels were harvested for histomorphometry. Result(s): In the balloon-injured arteries, doses of 7 and 9 Gy did not impact restenosis. At doses of 14-36 Gy, neointima was markedly reduced, with mild dilatation at the highest dose, 36 Gy. In the stent-injured arteries, the lowest dose of 9 Gy failed to reduce neointimal growth, while 14-26 Gy showed the most favorable response. Conclusion(s): ICR with 32P features a broad therapeutic window. Doses of 14-26 Gy to 1 mm beyond lumen surface provided an optimal combination of efficacy and safety. Doses of 7 and 9 Gy were generally ineffective, suggesting a minimum threshold for ICR with 32P to effectively inhibit restenosis. Copyright © 2002 Elsevier Science Inc.",Included,0.20650172
242,"Assessment of sexual function in patients with cancer undergoing radiotherapy--a single centre prospective study AIM: The main objective was to delineate the rates and clinical course of sexual function and depression in cancer patients undergoing radiotherapy., PATIENTS AND METHODS: Forty-eight male and 90 female radiotherapy-naive outpatients with breast or pelvic cancer completed the International Index of Erectile Function (IIEF) or the Female Sexual Function Index (FSFI), and the Hamilton Depression Scale (HDS) prior to (phase 1), at the end of (phase 2) and 12 months after radiotherapy (phase 3)., RESULTS: Overall, the majority of patients (93.8% of males and 80% of females) experienced intense sexual dysfunction. At presentation, males reported severe erectile dysfunction that was significantly associated with age. However, only in sexual desire was the difference between baseline and phase 3 significant. In females, an improvement was observed in all parameters of FSFI between phase 1 and 3. Females with stage III disease achieved lower scores in almost all parameters of FSFI than those with stage II. Finally, although a quarter of patients reported elevated depression scores, depression was not related to sexual function., CONCLUSION: A significant proportion of cancer patients experience intense levels of sexual dysfunction and depression throughout radiotherapy and the subsequent year. Pelvic radiotherapy affected sexual function to a higher degree than did breast radiotherapy.",Included,0.23528978
781,"Cognitive and radiological effects of radiotherapy in patients with low-grade glioma: long-term follow-up BACKGROUND: Our previous study on cognitive functioning among 195 patients with low-grade glioma (LGG) a mean of 6 years after diagnosis suggested that the tumour itself, rather than the radiotherapy used to treat it, has the most deleterious effect on cognitive functioning; only high fraction dose radiotherapy (>2 Gy) resulted in significant added cognitive deterioration. The present study assesses the radiological and cognitive abnormalities in survivors of LGG at a mean of 12 years after first diagnosis., METHODS: Patients who have had stable disease since the first assessment were invited for follow-up cognitive assessment (letter-digit substitution test, concept shifting test, Stroop colour-word test, visual verbal learning test, memory comparison test, and categoric word fluency). Compound scores in six cognitive domains (attention, executive functioning, verbal memory, working memory, psychomotor functioning, and information processing speed) were calculated to detect differences between patients who had radiotherapy and patients who did not have radiotherapy. White-matter hyperintensities and global cortical atrophy were rated on MRI scans., FINDINGS: 65 patients completed neuropsychological follow-up at a mean of 12 years (range 6-28 years). 32 (49%) patients had received radiotherapy (three had fraction doses >2 Gy). The patients who had radiotherapy had more deficits that affected attentional functioning at the second follow-up, regardless of fraction dose, than those who did not have radiotherapy (-1.6 [SD 2.4] vs -0.1 [1.3], p=0.003; mean difference 1.4, 95% CI 0.5-2.4). The patients who had radiotherapy also did worse in measures of executive functioning (-2.0 [3.7] vs -0.5 [1.2], p=0.03; mean difference 1.5, 0.2-2.9) and information processing speed (-2.0 [3.7] vs -0.6 [1.5], p=0.05; mean difference 0.8, 0.009-1.6]) between the two assessments. Furthermore, attentional functioning deteriorated significantly between the first and second assessments in patients who had radiotherapy (p=0.25). In total, 17 (53%) patients who had radiotherapy developed cognitive disabilities deficits in at least five of 18 neuropsychological test parameters compared with four (27%) patients who were radiotherapy naive. White-matter hyperintensities and global cortical atrophy were associated with worse cognitive functioning in several domains., INTERPRETATION: Long-term survivors of LGG who did not have radiotherapy had stable radiological and cognitive status. By contrast, patients with low-grade glioma who received radiotherapy showed a progressive decline in attentional functioning, even those who received fraction doses that are regarded as safe (</=2 Gy). These cognitive deficits are associated with radiological abnormalities. Our results suggest that the risk of long-term cognitive and radiological compromise that is associated with radiotherapy should be considered when treatment is planned., FUNDING: Kaptein Fonds; Schering Plough.",Included,0.45515913
552,"Estimating the risk of cancer and the hazardous index due to radiation from the phosphate mine in Russifa area Phosphate mines are considered prone to high radioactivity. The Russifa area contains one of the largest phosphate mines in Jordan. The hazardous index is high at 1.503 and 1.24, while the radium equivalent activity concentrations were 556.9 and 459.9 for phosphate pile and zoo, respectively. These values exceed the permissible levels in residential areas. The annual radiation doses at the site equals 36.4 and 30.1 mSv for the phosphate pile and zoo, respectively and these values pose a significant risk on the nearby population. Cancer risk is high in all body tissues, especially in the colon for both males and females. It is therefore imperative that these sites be rehabilitated and with a priority objective to reduce the annual dose rate to permissible levels and consequently the risk of cancer.",Included,0.4707802
